Country Name,Year,"Literacy rate, adult female (% of females ages 15 and above)",Pregnant women receiving prenatal care (%),"Prevalence of stunting, height for age (% of children under 5)",Region_Type
Afghanistan,2004,73.3728084730713,85.7571253071253,59.3,1
Afghanistan,2013,73.3728084730713,85.7571253071253,40.4,0
Afghanistan,2018,73.3728084730713,65.2,38.2,0
Afghanistan,2022,26.6000003814697,85.7571253071253,44.6,1
Albania,2005,73.3728084730713,97.1,26.7,0
Albania,2009,73.3728084730713,97.3,23.2,1
Albania,2017,99.0500030517578,85.7571253071253,11.3,1
Algeria,2000,73.3728084730713,79.0,23.6,0
Algeria,2002,60.0800018310547,80.7,24.0,1
Algeria,2006,63.9199981689453,89.4,15.4,0
Algeria,2012,73.3728084730713,92.7,11.7,1
Algeria,2019,74.2099990844727,95.3,9.8,1
Angola,2007,73.3728084730713,79.8,29.2,0
Angola,2015,51.9300003051758,85.7571253071253,37.6,1
Argentina,2005,73.3728084730713,99.2,7.2,0
Argentina,2018,73.3728084730713,85.7571253071253,8.7,0
Armenia,2000,73.3728084730713,92.4,17.3,0
Armenia,2005,73.3728084730713,93.0,17.9,1
Armenia,2010,73.3728084730713,99.1,20.9,1
Armenia,2016,99.6900024414062,99.6,9.4,0
Australia,2007,73.3728084730713,85.7571253071253,1.9,0
Azerbaijan,2000,73.3728084730713,66.0,24.2,0
Azerbaijan,2001,73.3728084730713,70.0,18.0,0
Azerbaijan,2006,73.3728084730713,76.9,26.5,0
Azerbaijan,2011,99.6999969482422,91.7,16.4,0
Azerbaijan,2013,99.7200012207031,85.7571253071253,17.8,1
Azerbaijan,2023,99.7300033569336,85.7571253071253,6.6,1
Bangladesh,2000,73.3728084730713,33.3,51.1,1
Bangladesh,2001,40.8199996948242,39.8,53.2,1
Bangladesh,2002,73.3728084730713,85.7571253071253,51.4,1
Bangladesh,2003,73.3728084730713,39.7,47.8,0
Bangladesh,2004,73.3728084730713,48.7,50.5,0
Bangladesh,2005,73.3728084730713,85.7571253071253,46.2,0
Bangladesh,2006,73.3728084730713,47.7,45.1,0
Bangladesh,2007,73.3728084730713,51.7,43.2,0
Bangladesh,2011,55.1199989318848,54.6,41.3,0
Bangladesh,2012,54.2400016784668,85.7571253071253,37.0,0
Bangladesh,2013,57.7900009155273,58.7,42.0,0
Bangladesh,2014,57.8600006103516,63.9,36.2,1
Bangladesh,2015,62.25,85.7571253071253,35.0,0
Bangladesh,2018,71.1800003051758,81.9,30.9,0
Bangladesh,2019,71.9499969482422,75.2,28.0,0
Bangladesh,2022,76.5400009155273,85.7571253071253,23.6,0
Barbados,2012,73.3728084730713,93.4,7.7,0
Belarus,2005,73.3728084730713,99.4,4.5,0
Belarus,2019,99.879997253418,99.9,1.1,0
Belarus,2020,73.3728084730713,85.7571253071253,1.2,0
Belarus,2021,73.3728084730713,85.7571253071253,1.2,1
Belarus,2022,73.3728084730713,85.7571253071253,1.2,0
Belarus,2023,73.3728084730713,85.7571253071253,1.2,0
Belgium,2014,73.3728084730713,85.7571253071253,1.6,0
Belgium,2023,73.3728084730713,85.7571253071253,1.9,0
Belize,2006,73.3728084730713,94.0,22.0,0
Belize,2011,73.3728084730713,96.2,19.3,0
Belize,2015,91.629997253418,85.7571253071253,15.0,0
Benin,2001,73.3728084730713,81.1,36.2,0
Benin,2008,73.3728084730713,85.7571253071253,37.4,0
Benin,2014,73.3728084730713,82.8,34.0,0
Benin,2018,73.3728084730713,83.2,32.2,1
Benin,2021,33.1300010681152,85.7571253071253,34.1,0
Bhutan,2008,73.3728084730713,85.7571253071253,34.9,0
Bhutan,2010,73.3728084730713,97.3,33.5,0
Bhutan,2023,73.3728084730713,85.7571253071253,17.9,0
Bolivia,2003,73.3728084730713,79.0,32.4,1
Bolivia,2008,86.8300018310547,85.8,27.1,0
Bolivia,2012,91.870002746582,90.1,18.2,1
Bolivia,2016,73.3728084730713,95.6,16.1,1
Bosnia and Herzegovina,2000,94.3600006103516,99.2,12.1,1
Bosnia and Herzegovina,2006,73.3728084730713,98.9,11.8,0
Bosnia and Herzegovina,2012,73.3728084730713,87.0,8.9,1
Botswana,2000,73.3728084730713,96.8,29.1,0
Botswana,2007,73.3728084730713,94.1,28.9,1
Brazil,2007,90.2300033569336,96.7,7.0,0
Brazil,2019,94.1614917282617,85.7571253071253,8.0,1
Brunei Darussalam,2009,73.3728084730713,99.0,19.6,1
Bulgaria,2004,73.3728084730713,85.7571253071253,8.8,1
Bulgaria,2007,73.3728084730713,85.7571253071253,9.2,1
Bulgaria,2014,73.3728084730713,85.7571253071253,7.0,1
Burkina Faso,2009,73.3728084730713,85.7571253071253,35.1,1
Burkina Faso,2010,73.3728084730713,94.3,34.9,0
Burkina Faso,2011,73.3728084730713,85.7571253071253,34.6,0
Burkina Faso,2012,73.3728084730713,85.7571253071253,32.8,0
Burkina Faso,2013,73.3728084730713,85.7571253071253,31.3,0
Burkina Faso,2014,26.2199993133545,96.6,29.0,0
Burkina Faso,2015,73.3728084730713,92.8,30.1,0
Burkina Faso,2016,73.3728084730713,85.7571253071253,26.8,0
Burkina Faso,2017,73.3728084730713,85.7571253071253,21.1,0
Burkina Faso,2018,31.0400009155273,80.2,24.9,1
Burkina Faso,2019,24.6800003051758,85.7571253071253,23.8,0
Burkina Faso,2020,73.3728084730713,85.7571253071253,17.5,1
Burkina Faso,2021,31.0300006866455,85.7571253071253,21.1,0
Burundi,2000,52.2400016784668,78.0,64.0,0
Burundi,2005,73.3728084730713,92.4,57.7,1
Burundi,2010,73.3728084730713,98.9,57.6,0
Burundi,2012,73.3728084730713,96.0,52.0,0
Burundi,2016,59.439998626709,85.7571253071253,55.9,1
Burundi,2018,73.3728084730713,85.7571253071253,56.6,0
Burundi,2019,73.3728084730713,85.7571253071253,54.0,0
Burundi,2020,66.2354865947952,85.7571253071253,50.9,0
Burundi,2022,73.3728084730713,85.7571253071253,55.8,0
Burundi,2023,73.3728084730713,85.7571253071253,58.0,0
Cabo Verde,2018,73.3728084730713,98.8,6.0,0
Cambodia,2000,73.3728084730713,37.7,49.0,0
Cambodia,2005,73.3728084730713,69.3,42.8,1
Cambodia,2008,69.5899963378906,85.7571253071253,39.5,1
Cambodia,2010,73.3728084730713,89.1,39.8,0
Cambodia,2014,71.7799987792969,95.3,32.4,1
Cambodia,2021,63.6399993896484,85.7571253071253,21.9,0
Cameroon,2004,73.3728084730713,83.3,35.6,0
Cameroon,2006,73.3728084730713,82.0,37.6,0
Cameroon,2011,73.3728084730713,84.7,32.6,1
Cameroon,2014,73.3728084730713,82.8,31.7,1
Cameroon,2018,66.1600036621094,87.0,28.9,0
Central African Republic,2000,35.2900009155273,62.0,44.4,0
Central African Republic,2006,73.3728084730713,69.3,43.6,1
Central African Republic,2010,73.3728084730713,68.2,40.7,0
Central African Republic,2012,73.3728084730713,85.7571253071253,39.7,0
Central African Republic,2014,73.3728084730713,85.7571253071253,38.0,0
Central African Republic,2018,73.3728084730713,85.7571253071253,37.5,0
Central African Republic,2019,27.1299991607666,51.8,40.2,0
Central African Republic,2022,73.3728084730713,85.7571253071253,37.9,1
Chad,2000,12.8000001907349,41.6,38.9,1
Chad,2004,17.9799995422363,38.9,44.4,1
Chad,2010,73.3728084730713,53.2,38.7,0
Chad,2015,73.3728084730713,54.7,31.9,0
Chad,2017,73.3728084730713,85.7571253071253,32.1,1
Chad,2018,73.3728084730713,85.7571253071253,31.9,0
Chad,2019,18.6399993896484,85.7571253071253,37.8,1
Chad,2020,73.3728084730713,85.7571253071253,30.5,0
Chad,2021,73.3728084730713,85.7571253071253,31.1,1
Chad,2022,73.3728084730713,85.7571253071253,31.9,0
Chile,2001,73.3728084730713,85.7571253071253,2.8,0
Chile,2002,95.6399993896484,85.7571253071253,2.5,0
Chile,2003,73.3728084730713,85.7571253071253,2.5,0
Chile,2004,73.3728084730713,85.7571253071253,2.4,0
Chile,2006,73.3728084730713,85.7571253071253,2.2,1
Chile,2007,73.3728084730713,85.7571253071253,2.1,1
Chile,2008,73.3728084730713,85.7571253071253,2.0,0
Chile,2013,96.1600036621094,85.7571253071253,1.8,1
Chile,2014,73.3728084730713,85.7571253071253,1.8,0
China,2000,86.5299987792969,89.4,17.8,1
China,2002,73.3728084730713,90.1,21.8,1
China,2005,73.3728084730713,89.8,11.7,0
China,2008,73.3728084730713,91.0,9.8,1
China,2009,73.3728084730713,92.2,9.0,0
China,2010,92.7099990844727,94.1,9.4,0
China,2013,73.3728084730713,95.6,8.1,0
China,2017,73.3728084730713,85.7571253071253,4.8,1
Colombia,2000,73.3728084730713,90.8,18.2,0
Colombia,2005,92.9100036621094,93.5,16.0,1
Colombia,2010,93.4899978637695,97.0,12.6,1
Colombia,2016,94.8899993896484,97.2,12.7,0
Comoros,2000,63.4599990844727,74.3,46.9,1
Comoros,2012,73.3728084730713,92.1,31.1,0
Comoros,2022,73.3728084730713,85.7571253071253,18.2,0
"Congo, Dem. Rep.",2001,54.060001373291,68.2,44.4,0
"Congo, Dem. Rep.",2007,73.3728084730713,85.3,45.8,0
"Congo, Dem. Rep.",2010,73.3728084730713,87.3,43.4,0
"Congo, Dem. Rep.",2013,73.3728084730713,85.7571253071253,42.7,1
"Congo, Dem. Rep.",2017,73.3728084730713,85.7571253071253,41.8,0
"Congo, Dem. Rep.",2023,73.3728084730713,85.7571253071253,44.7,0
"Congo, Rep.",2005,67.4800033569336,85.8,31.2,0
"Congo, Rep.",2011,73.3728084730713,85.7571253071253,24.4,0
"Congo, Rep.",2014,73.3728084730713,85.7571253071253,21.2,0
Costa Rica,2008,73.3728084730713,89.9,5.6,0
Costa Rica,2018,94.120002746582,97.6,9.0,0
Cote d'Ivoire,2007,73.3728084730713,85.7571253071253,39.0,1
Cote d'Ivoire,2011,73.3728084730713,85.7571253071253,27.2,0
Cote d'Ivoire,2012,73.3728084730713,90.6,29.9,1
Cote d'Ivoire,2016,40.75,93.2,21.6,1
Cote d'Ivoire,2021,40.2599983215332,85.7571253071253,23.4,0
Cuba,2000,73.3728084730713,100.0,7.0,0
Cuba,2019,96.3499984741211,99.1,7.1,0
Czechia,2001,73.3728084730713,85.7571253071253,2.8,1
Djibouti,2011,73.3728084730713,85.7571253071253,31.0,1
Djibouti,2013,73.3728084730713,85.7571253071253,28.0,1
Djibouti,2019,73.3728084730713,85.7571253071253,20.9,0
Djibouti,2023,73.3728084730713,85.7571253071253,25.5,0
Dominican Republic,2000,73.3728084730713,97.8,7.7,0
Dominican Republic,2002,87.1800003051758,98.5,11.6,0
Dominican Republic,2006,73.3728084730713,97.0,8.4,0
Dominican Republic,2007,88.2799987792969,98.9,10.1,1
Dominican Republic,2013,91.25,99.3,7.1,0
Dominican Republic,2019,87.370002746582,98.0,6.7,0
Ecuador,2004,73.3728084730713,84.2,29.2,0
Ecuador,2006,73.3728084730713,85.7571253071253,25.9,1
Ecuador,2012,90.9499969482422,85.7571253071253,25.4,0
Ecuador,2014,93.25,85.7571253071253,23.9,0
Ecuador,2023,73.3728084730713,85.7571253071253,17.5,1
"Egypt, Arab Rep.",2000,73.3728084730713,52.9,24.4,0
"Egypt, Arab Rep.",2003,73.3728084730713,68.7,20.2,1
"Egypt, Arab Rep.",2005,56.1199989318848,69.6,23.9,0
"Egypt, Arab Rep.",2008,73.3728084730713,73.6,30.7,1
"Egypt, Arab Rep.",2014,73.3728084730713,90.3,22.3,1
"Egypt, Arab Rep.",2021,75.7012132175439,85.7571253071253,12.8,1
El Salvador,2003,73.3728084730713,86.0,24.6,1
El Salvador,2008,81.3600006103516,94.0,20.8,1
El Salvador,2014,85.5328919936255,96.0,13.6,1
El Salvador,2021,87.3051155907052,85.7571253071253,10.0,1
Equatorial Guinea,2000,81.620002746582,86.1,42.7,1
Equatorial Guinea,2004,73.3728084730713,85.7571253071253,33.0,0
Equatorial Guinea,2011,73.3728084730713,91.3,26.2,0
Eritrea,2002,40.2200012207031,70.3,43.0,0
Eritrea,2010,73.3728084730713,88.5,52.5,0
Estonia,2014,73.3728084730713,85.7571253071253,1.2,1
Eswatini,2000,80.3300018310547,86.6,36.5,1
Eswatini,2006,73.3728084730713,85.7571253071253,29.2,0
Eswatini,2008,73.3728084730713,85.7571253071253,40.4,0
Eswatini,2010,73.3728084730713,96.8,30.9,1
Eswatini,2014,73.3728084730713,98.5,25.5,0
Eswatini,2021,73.3728084730713,85.7571253071253,20.0,0
Ethiopia,2000,73.3728084730713,26.7,57.4,1
Ethiopia,2005,73.3728084730713,27.6,50.0,0
Ethiopia,2011,73.3728084730713,33.9,44.4,1
Ethiopia,2014,73.3728084730713,41.2,40.4,1
Ethiopia,2016,34.4199981689453,62.4,38.3,0
Ethiopia,2019,44.6199989318848,73.6,36.8,1
Fiji,2004,73.3728084730713,85.7571253071253,7.3,1
Fiji,2014,73.3728084730713,85.7571253071253,6.2,0
Fiji,2021,92.4300003051758,97.7,7.2,0
Finland,2013,73.3728084730713,85.7571253071253,1.8,0
Finland,2014,73.3728084730713,85.7571253071253,1.8,0
Finland,2015,73.3728084730713,85.7571253071253,1.7,1
Finland,2016,73.3728084730713,85.7571253071253,1.7,0
Finland,2017,73.3728084730713,85.7571253071253,1.3,0
Finland,2018,73.3728084730713,85.7571253071253,1.3,0
Finland,2019,73.3728084730713,85.7571253071253,1.3,0
Finland,2020,73.3728084730713,85.7571253071253,1.3,1
Finland,2021,73.3728084730713,85.7571253071253,1.3,1
Finland,2022,73.3728084730713,85.7571253071253,1.8,0
Finland,2023,73.3728084730713,85.7571253071253,2.8,0
Gabon,2000,73.3728084730713,91.6,25.9,0
Gabon,2012,73.3728084730713,94.7,17.0,0
Gabon,2020,73.3728084730713,85.7571253071253,14.4,0
"Gambia, The",2000,25.0599994659424,90.7,24.1,0
"Gambia, The",2006,73.3728084730713,97.8,27.7,0
"Gambia, The",2010,73.3728084730713,98.1,23.4,1
"Gambia, The",2012,73.3728084730713,85.7571253071253,21.1,0
"Gambia, The",2013,73.3728084730713,86.2,24.6,0
"Gambia, The",2018,43.3499984741211,99.0,19.0,0
"Gambia, The",2020,73.3728084730713,97.8,17.5,0
Georgia,2005,73.3728084730713,96.3,14.6,0
Georgia,2009,73.3728084730713,85.7571253071253,11.8,1
Georgia,2018,99.6500015258789,85.7571253071253,5.8,0
Germany,2004,73.3728084730713,100.0,1.2,1
Germany,2016,73.3728084730713,85.7571253071253,1.3,1
Ghana,2003,73.3728084730713,91.9,35.5,0
Ghana,2006,73.3728084730713,92.1,27.9,0
Ghana,2008,73.3728084730713,90.1,28.4,0
Ghana,2011,73.3728084730713,96.4,22.8,0
Ghana,2014,73.3728084730713,90.5,18.8,1
Ghana,2017,56.0200004577637,97.6,17.5,0
Ghana,2022,73.3728084730713,85.7571253071253,17.4,0
Greece,2003,73.3728084730713,85.7571253071253,1.5,0
Guatemala,2000,73.3728084730713,85.7571253071253,51.0,1
Guatemala,2002,63.3400001525879,84.3,54.8,1
Guatemala,2009,73.3728084730713,93.2,51.5,0
Guatemala,2015,75.1399993896484,91.3,46.7,1
Guatemala,2021,73.3728084730713,85.7571253071253,46.0,0
Guinea,2005,73.3728084730713,82.2,39.3,1
Guinea,2007,73.3728084730713,88.4,34.0,0
Guinea,2012,73.3728084730713,85.2,31.1,0
Guinea,2016,23.9400005340576,84.3,32.4,0
Guinea,2018,27.6900005340576,80.9,30.3,1
Guinea,2022,73.3728084730713,85.7571253071253,26.1,1
Guinea-Bissau,2000,27.4899997711182,62.1,33.8,0
Guinea-Bissau,2008,73.3728084730713,85.7571253071253,27.6,1
Guinea-Bissau,2010,73.3728084730713,92.6,32.0,0
Guinea-Bissau,2012,73.3728084730713,85.7571253071253,26.4,0
Guinea-Bissau,2014,73.3728084730713,92.4,27.6,1
Guinea-Bissau,2019,40.3400001525879,97.0,28.1,1
Guyana,2000,73.3728084730713,80.9,13.9,1
Guyana,2006,73.3728084730713,85.7571253071253,17.9,0
Guyana,2009,73.3728084730713,92.1,19.3,1
Guyana,2014,73.3728084730713,90.7,11.3,1
Guyana,2019,73.3728084730713,85.7571253071253,9.5,0
Haiti,2000,73.3728084730713,78.8,28.8,0
Haiti,2006,73.3728084730713,84.5,29.6,1
Haiti,2012,68.8274873119536,90.3,22.0,0
Haiti,2013,73.3728084730713,85.7571253071253,21.9,0
Haiti,2017,63.8699989318848,91.0,21.9,0
Haiti,2023,73.3728084730713,85.7571253071253,22.0,1
Honduras,2001,80.2200012207031,82.6,35.5,0
Honduras,2004,73.3728084730713,85.7571253071253,31.5,0
Honduras,2006,73.3728084730713,91.7,29.8,0
Honduras,2012,85.0500030517578,96.6,22.6,1
Honduras,2019,88.7300033569336,96.1,18.7,0
India,2006,50.8199996948242,74.2,47.8,0
India,2014,73.3728084730713,85.7571253071253,38.7,0
India,2015,73.3728084730713,85.7571253071253,37.9,1
India,2017,73.3728084730713,85.7571253071253,36.1,0
India,2020,67.5902504189116,85.7571253071253,35.5,0
Indonesia,2000,73.3728084730713,88.3,42.3,1
Indonesia,2001,73.3728084730713,85.7571253071253,41.6,0
Indonesia,2004,86.8000030517578,85.7571253071253,28.6,0
Indonesia,2008,89.0999984741211,92.65,40.1,1
Indonesia,2010,89.8899993896484,92.7,39.2,1
Indonesia,2013,73.3728084730713,95.4,36.4,0
Indonesia,2018,93.9899978637695,85.7571253071253,30.0,1
Indonesia,2019,73.3728084730713,85.7571253071253,26.6,0
Indonesia,2021,73.3728084730713,85.7571253071253,24.4,0
Indonesia,2022,73.3728084730713,85.7571253071253,21.6,1
Indonesia,2023,73.3728084730713,85.7571253071253,22.0,0
"Iran, Islamic Rep.",2004,73.3728084730713,85.7571253071253,7.1,0
"Iran, Islamic Rep.",2010,78.4683031351584,96.9,6.8,0
"Iran, Islamic Rep.",2017,81.3753829047176,85.7571253071253,4.8,1
Iraq,2000,64.1699981689453,76.7,28.1,0
Iraq,2003,73.3728084730713,85.7571253071253,33.7,1
Iraq,2004,73.3728084730713,85.7571253071253,20.0,0
Iraq,2006,73.3728084730713,83.8,27.5,0
Iraq,2011,73.3728084730713,77.7,22.1,1
Iraq,2018,76.2799987792969,87.6,12.6,0
Ireland,2011,73.3728084730713,85.7571253071253,2.2,1
Jamaica,2000,73.3728084730713,66.6,7.2,0
Jamaica,2001,73.3728084730713,70.1,6.6,0
Jamaica,2002,73.3728084730713,98.1,8.2,1
Jamaica,2004,73.3728084730713,85.7571253071253,4.9,0
Jamaica,2006,73.3728084730713,85.7571253071253,7.5,0
Jamaica,2007,73.3728084730713,85.7571253071253,5.4,1
Jamaica,2008,73.3728084730713,99.0,6.9,1
Jamaica,2010,73.3728084730713,85.7571253071253,6.0,1
Jamaica,2012,73.3728084730713,85.7571253071253,6.8,0
Jamaica,2014,73.3728084730713,85.7571253071253,6.0,0
Jamaica,2016,73.3728084730713,85.7571253071253,9.3,0
Jamaica,2018,73.3728084730713,85.7571253071253,4.6,0
Japan,2000,73.3728084730713,85.7571253071253,5.8,1
Japan,2010,73.3728084730713,85.7571253071253,7.1,0
Jordan,2002,73.3728084730713,98.6,11.7,1
Jordan,2009,73.3728084730713,85.7571253071253,8.2,0
Jordan,2012,97.370002746582,99.1,7.8,0
Jordan,2019,73.3728084730713,85.7571253071253,7.4,0
Jordan,2023,92.3099975585938,85.7571253071253,8.2,0
Kazakhstan,2006,73.3728084730713,99.9,17.5,0
Kazakhstan,2010,73.3728084730713,85.7571253071253,13.1,0
Kazakhstan,2015,73.3728084730713,99.3,8.0,0
Kenya,2000,77.8899993896484,76.2,40.8,1
Kenya,2003,73.3728084730713,88.1,35.8,0
Kenya,2005,73.3728084730713,85.7571253071253,40.3,1
Kenya,2008,73.3728084730713,85.7571253071253,35.5,0
Kenya,2011,73.3728084730713,85.7571253071253,26.3,1
Kenya,2014,73.3728084730713,95.5,26.2,0
Kenya,2016,73.3728084730713,85.7571253071253,28.6,1
Kenya,2022,73.3728084730713,85.7571253071253,17.6,0
Kiribati,2018,98.6100006103516,85.7571253071253,15.2,1
"Korea, Dem. People's Rep.",2000,73.3728084730713,97.1,51.0,0
"Korea, Dem. People's Rep.",2002,73.3728084730713,85.7571253071253,44.7,1
"Korea, Dem. People's Rep.",2004,73.3728084730713,85.7571253071253,43.1,0
"Korea, Dem. People's Rep.",2009,73.3728084730713,100.0,32.4,0
"Korea, Dem. People's Rep.",2012,73.3728084730713,85.7571253071253,27.9,1
"Korea, Dem. People's Rep.",2017,73.3728084730713,99.5,19.1,0
"Korea, Rep.",2003,73.3728084730713,85.7571253071253,2.5,0
"Korea, Rep.",2011,73.3728084730713,85.7571253071253,1.3,0
"Korea, Rep.",2014,73.3728084730713,85.7571253071253,1.6,1
"Korea, Rep.",2017,73.3728084730713,85.7571253071253,2.3,0
"Korea, Rep.",2020,73.3728084730713,85.7571253071253,0.9,0
Kuwait,2001,73.3728084730713,85.7571253071253,3.9,0
Kuwait,2002,73.3728084730713,85.7571253071253,3.6,1
Kuwait,2003,73.3728084730713,85.7571253071253,4.0,0
Kuwait,2004,73.3728084730713,85.7571253071253,4.1,1
Kuwait,2005,91.0400009155273,85.7571253071253,4.5,0
Kuwait,2006,90.8300018310547,85.7571253071253,4.8,0
Kuwait,2007,91.5,100.0,5.1,0
Kuwait,2008,91.7799987792969,85.7571253071253,5.1,1
Kuwait,2009,73.3728084730713,85.7571253071253,3.8,0
Kuwait,2010,92.6800003051758,85.7571253071253,4.0,0
Kuwait,2011,73.3728084730713,85.7571253071253,4.1,0
Kuwait,2012,94.9700012207031,85.7571253071253,4.3,0
Kuwait,2013,94.3000030517578,85.7571253071253,5.6,1
Kuwait,2014,73.3728084730713,85.7571253071253,5.9,0
Kuwait,2015,94.4700012207031,85.7571253071253,5.2,0
Kuwait,2016,73.3728084730713,85.7571253071253,6.3,0
Kuwait,2017,94.8300018310547,85.7571253071253,5.8,0
Kuwait,2018,94.9100036621094,85.7571253071253,7.0,1
Kuwait,2019,73.3728084730713,85.7571253071253,4.6,1
Kuwait,2020,95.3499984741211,85.7571253071253,3.8,1
Kuwait,2021,73.3728084730713,85.7571253071253,4.3,1
Kuwait,2022,73.3728084730713,85.7571253071253,4.6,1
Kuwait,2023,73.3728084730713,85.7571253071253,3.2,0
Kyrgyz Republic,2006,73.3728084730713,96.9,18.1,1
Kyrgyz Republic,2009,98.9800033569336,85.7571253071253,22.6,0
Kyrgyz Republic,2012,73.3728084730713,97.0,17.9,0
Kyrgyz Republic,2014,73.3728084730713,98.4,12.9,0
Kyrgyz Republic,2018,73.3728084730713,99.8,11.8,1
Kyrgyz Republic,2021,73.3728084730713,85.7571253071253,8.6,1
Kyrgyz Republic,2023,73.3728084730713,85.7571253071253,14.1,0
Lao PDR,2000,58.4599990844727,26.5,47.5,1
Lao PDR,2006,73.3728084730713,35.1,47.7,0
Lao PDR,2011,73.3728084730713,85.7571253071253,44.2,0
Lao PDR,2015,79.3899993896484,85.7571253071253,35.5,0
Lao PDR,2017,64.4100036621094,78.4,33.1,0
Lao PDR,2023,66.7300033569336,85.7571253071253,32.8,0
Latvia,2021,73.3728084730713,85.7571253071253,0.5,1
Lebanon,2004,73.3728084730713,95.6,16.5,0
Lebanon,2021,73.3728084730713,85.7571253071253,7.0,1
Lebanon,2023,73.3728084730713,85.7571253071253,13.9,0
Lesotho,2004,73.3728084730713,90.4,44.7,0
Lesotho,2009,73.3728084730713,91.8,39.3,0
Lesotho,2014,73.3728084730713,95.2,33.4,0
Lesotho,2018,91.7900009155273,91.3,34.6,0
Liberia,2000,73.3728084730713,84.4,45.3,1
Liberia,2007,73.3728084730713,79.3,39.6,0
Liberia,2008,73.3728084730713,85.7571253071253,36.1,0
Liberia,2010,47.7820489142029,85.7571253071253,39.0,0
Liberia,2013,73.3728084730713,95.9,32.1,0
Liberia,2016,73.3728084730713,97.9,30.1,0
Liberia,2019,73.3728084730713,85.7571253071253,29.8,1
Libya,2007,73.3728084730713,93.0,21.0,0
Libya,2014,73.3728084730713,85.7571253071253,38.1,1
Libya,2022,73.3728084730713,85.7571253071253,7.9,1
Lithuania,2021,73.3728084730713,85.7571253071253,0.7,0
Lithuania,2022,73.3728084730713,85.7571253071253,0.9,1
Lithuania,2023,73.3728084730713,85.7571253071253,1.0,1
Madagascar,2004,73.3728084730713,79.9,52.7,0
Madagascar,2009,73.3728084730713,86.3,49.4,0
Madagascar,2011,73.3728084730713,83.1,49.9,0
Madagascar,2012,68.2799987792969,85.7571253071253,48.9,0
Madagascar,2018,75.0699996948242,85.1,41.6,0
Madagascar,2021,71.75,88.9,39.8,0
Malawi,2000,73.3728084730713,91.4,54.7,0
Malawi,2002,73.3728084730713,94.3,58.3,0
Malawi,2004,73.3728084730713,92.2,52.5,0
Malawi,2006,73.3728084730713,91.9,53.1,0
Malawi,2009,73.3728084730713,85.7571253071253,48.8,0
Malawi,2010,73.3728084730713,94.7,47.3,1
Malawi,2014,73.3728084730713,96.1,42.4,1
Malawi,2015,73.3728084730713,85.7571253071253,37.4,0
Malawi,2016,73.3728084730713,94.8,38.3,0
Malawi,2017,65.8251794145618,97.6,39.3,0
Malawi,2018,71.0699996948242,85.7571253071253,39.0,0
Malawi,2019,73.3728084730713,85.7571253071253,34.0,1
Malawi,2020,62.6800003051758,96.8,35.5,0
Malaysia,2006,73.3728084730713,85.7571253071253,17.5,0
Malaysia,2015,73.3728084730713,85.7571253071253,17.8,0
Malaysia,2016,93.370002746582,85.7571253071253,20.8,0
Malaysia,2019,93.6500015258789,85.7571253071253,25.5,1
Malaysia,2022,94.6699981689453,85.7571253071253,21.2,0
Maldives,2001,73.3728084730713,81.0,31.9,0
Maldives,2009,73.3728084730713,99.1,19.0,0
Maldives,2017,94.9100036621094,98.7,15.3,0
Mali,2001,73.3728084730713,56.8,42.5,1
Mali,2006,18.1900005340576,70.4,37.6,0
Mali,2010,20.2900009155273,34.7,27.8,1
Mali,2011,18.8999996185303,85.7571253071253,27.9,0
Mali,2014,73.3728084730713,85.7571253071253,28.1,1
Mali,2015,22.2000007629394,42.1,30.4,1
Mali,2016,73.3728084730713,85.7571253071253,26.4,0
Mali,2017,73.3728084730713,85.7571253071253,24.6,0
Mali,2018,25.7399997711182,79.5,26.9,1
Mali,2019,73.3728084730713,85.7571253071253,26.4,1
Mali,2020,73.3728084730713,85.7571253071253,23.0,0
Mali,2021,73.3728084730713,85.7571253071253,22.1,1
Mali,2022,73.3728084730713,85.7571253071253,21.8,0
Malta,2022,73.3728084730713,85.7571253071253,3.3,0
Marshall Islands,2017,73.3728084730713,85.7571253071253,34.8,1
Mauritania,2000,43.4199981689453,85.7571253071253,38.6,0
Mauritania,2007,73.3728084730713,75.4,31.5,0
Mauritania,2008,73.3728084730713,85.7571253071253,23.6,1
Mauritania,2011,73.3728084730713,84.2,29.7,0
Mauritania,2012,73.3728084730713,85.7571253071253,23.2,0
Mauritania,2015,57.4300003051758,86.9,27.9,0
Mauritania,2018,73.3728084730713,85.7571253071253,22.8,0
Mauritania,2019,73.3728084730713,85.7571253071253,19.4,1
Mauritania,2020,51.810001373291,85.7571253071253,25.8,1
Mauritania,2021,73.3728084730713,85.0,17.4,1
Mauritania,2022,73.3728084730713,85.7571253071253,25.1,0
Mexico,2002,88.7300033569336,85.7571253071253,18.9,0
Mexico,2005,90.2099990844727,85.7571253071253,19.4,0
Mexico,2006,89.8300018310547,97.7,15.5,0
Mexico,2012,93.1800003051758,97.6,13.6,1
Mexico,2015,93.4899978637695,98.5,12.4,0
Mexico,2016,93.9700012207031,85.7571253071253,10.0,0
Mexico,2019,94.5797932033713,85.7571253071253,14.1,1
Mexico,2020,94.5,85.7571253071253,13.9,0
Mexico,2021,95.0344175107811,85.7571253071253,12.8,1
Mexico,2022,95.2146036640058,85.7571253071253,12.5,0
Moldova,2005,73.3728084730713,98.0,10.7,0
Moldova,2012,73.3728084730713,98.8,6.4,0
Mongolia,2000,97.5299987792969,96.7,29.8,1
Mongolia,2004,73.3728084730713,85.7571253071253,23.5,1
Mongolia,2005,73.3728084730713,98.9,27.5,0
Mongolia,2010,98.3399963378906,99.0,15.3,0
Mongolia,2013,73.3728084730713,98.7,10.8,0
Mongolia,2016,73.3728084730713,85.7571253071253,7.3,1
Mongolia,2018,98.0,99.1,9.4,1
Mongolia,2023,98.9300003051758,85.7571253071253,8.8,0
Montenegro,2005,73.3728084730713,85.7571253071253,7.9,0
Montenegro,2013,73.3728084730713,91.7,9.4,1
Montenegro,2018,97.9499969482422,97.2,7.2,0
Morocco,2003,73.3728084730713,85.7571253071253,23.1,1
Morocco,2011,57.6399993896484,77.1,14.9,0
Morocco,2017,73.3728084730713,85.7571253071253,15.1,0
Morocco,2019,73.3728084730713,85.7571253071253,14.2,0
Mozambique,2001,73.3728084730713,85.7571253071253,50.7,0
Mozambique,2003,33.189998626709,84.5,46.9,0
Mozambique,2008,73.3728084730713,92.3,43.5,1
Mozambique,2011,73.3728084730713,90.6,42.9,0
Mozambique,2015,43.060001373291,87.2,42.3,0
Mozambique,2020,48.5699996948242,85.7571253071253,37.5,1
Mozambique,2022,50.9268678866772,85.7571253071253,36.7,1
Myanmar,2000,86.4199981689453,85.7571253071253,40.8,1
Myanmar,2003,73.3728084730713,85.7571253071253,42.7,0
Myanmar,2009,73.3728084730713,85.7571253071253,35.1,0
Myanmar,2016,80.379997253418,80.7,29.4,1
Myanmar,2018,73.3728084730713,85.7571253071253,26.7,0
Namibia,2000,73.3728084730713,90.6,29.3,1
Namibia,2007,73.3728084730713,94.6,29.2,0
Namibia,2013,73.3728084730713,96.6,22.7,1
Nauru,2007,73.3728084730713,94.5,24.0,0
Nauru,2023,99.7200012207031,85.7571253071253,15.7,0
Nepal,2001,34.8899993896484,27.9,56.1,0
Nepal,2006,73.3728084730713,43.7,49.1,0
Nepal,2010,73.3728084730713,85.7571253071253,41.5,0
Nepal,2011,48.8400001525879,58.3,40.1,1
Nepal,2014,73.3728084730713,68.3,37.1,1
Nepal,2016,55.75,83.6,35.8,0
Nepal,2019,59.4099998474121,88.8,31.5,0
Nepal,2022,73.3728084730713,85.7571253071253,24.8,0
Netherlands,2009,73.3728084730713,85.7571253071253,1.5,0
Nicaragua,2001,76.5999984741211,85.5,25.1,0
Nicaragua,2004,73.3728084730713,85.7571253071253,18.8,0
Nicaragua,2005,77.9199981689453,85.7571253071253,21.5,0
Nicaragua,2007,73.3728084730713,90.2,23.1,0
Nicaragua,2012,85.456376304435,94.6,17.3,1
Niger,2000,73.3728084730713,41.0,53.5,1
Niger,2006,73.3728084730713,46.1,51.0,0
Niger,2007,73.3728084730713,85.7571253071253,49.2,0
Niger,2008,73.3728084730713,85.7571253071253,43.8,0
Niger,2009,73.3728084730713,85.7571253071253,45.5,0
Niger,2010,73.3728084730713,85.7571253071253,47.4,1
Niger,2011,73.3728084730713,85.7571253071253,50.9,1
Niger,2012,22.5499992370606,82.8,39.9,0
Niger,2013,73.3728084730713,85.7571253071253,42.5,0
Niger,2014,18.1139067912215,85.7571253071253,42.2,0
Niger,2015,73.3728084730713,85.7571253071253,46.4,1
Niger,2016,73.3728084730713,85.7571253071253,41.3,1
Niger,2018,22.8799991607666,85.7571253071253,48.5,0
Niger,2019,73.3728084730713,85.7571253071253,47.1,1
Niger,2020,73.3728084730713,85.7571253071253,45.3,0
Niger,2021,73.3728084730713,83.5,44.4,1
Niger,2022,25.6900005340576,85.7571253071253,47.7,0
Nigeria,2003,43.3199996948242,58.0,42.5,0
Nigeria,2011,73.3728084730713,66.2,35.8,0
Nigeria,2014,73.3728084730713,85.7571253071253,33.6,1
Nigeria,2015,73.3728084730713,62.6,33.0,0
Nigeria,2016,49.060001373291,85.7571253071253,43.6,0
Nigeria,2018,73.3728084730713,67.0,36.8,0
Nigeria,2020,73.3728084730713,85.7571253071253,31.5,0
Nigeria,2021,53.25,85.7571253071253,33.8,0
North Macedonia,2005,73.3728084730713,85.7571253071253,11.3,0
North Macedonia,2011,73.3728084730713,98.6,4.9,0
North Macedonia,2019,73.3728084730713,97.3,4.3,0
Oman,2009,73.3728084730713,99.0,9.8,0
Oman,2014,73.3728084730713,98.6,14.1,1
Oman,2017,92.2300033569336,85.7571253071253,11.4,0
Pakistan,2001,73.3728084730713,43.3,41.4,0
Pakistan,2011,41.9799995422363,85.7571253071253,43.6,0
Pakistan,2013,41.9700012207031,73.1,45.0,0
Pakistan,2018,45.4000015258789,86.2,37.6,1
Panama,2003,73.3728084730713,85.7571253071253,23.7,1
Panama,2008,73.3728084730713,85.7571253071253,19.0,0
Panama,2019,95.3600006103516,85.7571253071253,15.9,0
Papua New Guinea,2005,73.3728084730713,85.7571253071253,43.9,0
Papua New Guinea,2010,61.6049581774909,85.7571253071253,49.5,0
Paraguay,2005,73.3728084730713,85.7571253071253,17.1,0
Paraguay,2012,93.5899963378906,85.7571253071253,10.7,0
Paraguay,2016,93.8399963378906,98.7,5.6,0
Peru,2000,73.3728084730713,83.8,31.3,0
Peru,2001,73.3728084730713,85.7571253071253,37.3,0
Peru,2005,82.4499969482422,85.7571253071253,29.2,0
Peru,2007,84.6500015258789,85.7571253071253,28.0,0
Peru,2009,73.3728084730713,94.3,23.9,0
Peru,2010,73.3728084730713,94.7,23.3,0
Peru,2011,73.3728084730713,95.4,19.5,0
Peru,2012,90.6699981689453,96.0,18.4,0
Peru,2013,73.3728084730713,95.9,17.6,1
Peru,2014,90.4499969482422,96.9,14.8,0
Peru,2015,91.25,97.0,14.7,0
Peru,2016,91.1900024414062,97.6,13.1,1
Peru,2017,91.2699966430664,97.5,12.8,0
Peru,2018,91.6999969482422,98.1,12.2,1
Peru,2019,73.3728084730713,98.2,13.1,0
Peru,2020,92.0199966430664,98.1,11.4,0
Peru,2021,73.3728084730713,85.7571253071253,11.5,0
Peru,2022,73.3728084730713,85.7571253071253,11.7,0
Peru,2023,73.3728084730713,85.7571253071253,11.5,0
Philippines,2003,93.5599975585938,87.6,33.4,1
Philippines,2008,95.8300018310547,91.1,32.0,0
Philippines,2011,73.3728084730713,94.5,33.4,1
Philippines,2013,96.7900009155273,95.4,30.0,0
Philippines,2015,98.2399978637695,85.7571253071253,33.1,1
Philippines,2018,73.3728084730713,85.7571253071253,29.9,0
Philippines,2019,96.8499984741211,85.7571253071253,28.7,1
Philippines,2021,73.3728084730713,85.7571253071253,26.7,0
Poland,2009,73.3728084730713,85.7571253071253,2.9,0
Poland,2011,73.3728084730713,85.7571253071253,0.8,1
Poland,2014,73.3728084730713,85.7571253071253,2.6,1
Poland,2019,73.3728084730713,85.7571253071253,1.0,0
Portugal,2016,73.3728084730713,85.7571253071253,3.2,0
Qatar,2021,73.3728084730713,85.7571253071253,5.4,0
Qatar,2022,73.3728084730713,85.7571253071253,6.3,0
Qatar,2023,73.3728084730713,85.7571253071253,6.2,0
Romania,2000,73.3728084730713,85.7571253071253,12.8,0
Romania,2001,73.3728084730713,85.7571253071253,14.0,1
Romania,2002,96.2699966430664,85.7571253071253,12.8,0
Rwanda,2000,59.75,91.5,47.9,1
Rwanda,2005,73.3728084730713,94.4,51.4,0
Rwanda,2009,73.3728084730713,85.7571253071253,46.6,1
Rwanda,2010,73.3728084730713,98.0,44.3,0
Rwanda,2012,64.6600036621094,85.7571253071253,43.8,0
Rwanda,2015,73.3728084730713,99.0,38.3,0
Rwanda,2018,69.3899993896484,85.7571253071253,34.8,0
Rwanda,2020,77.8099975585938,97.7,33.1,0
Samoa,2014,73.3728084730713,93.3,4.9,1
Samoa,2019,97.6600036621094,85.7571253071253,7.3,0
Sao Tome and Principe,2014,73.3728084730713,97.5,17.2,0
Sao Tome and Principe,2019,82.75,98.1,11.7,0
Saudi Arabia,2004,76.3399963378906,85.7571253071253,9.3,1
Saudi Arabia,2015,73.3728084730713,85.7571253071253,13.7,0
Saudi Arabia,2016,73.3728084730713,85.7571253071253,17.1,1
Saudi Arabia,2017,92.7099990844727,85.7571253071253,17.2,0
Saudi Arabia,2018,73.3728084730713,85.7571253071253,11.6,0
Saudi Arabia,2019,73.3728084730713,85.7571253071253,13.2,0
Saudi Arabia,2020,96.0500030517578,85.7571253071253,10.8,1
Senegal,2000,73.3728084730713,79.0,26.0,1
Senegal,2005,73.3728084730713,87.4,19.9,0
Senegal,2011,40.25,93.3,26.7,1
Senegal,2012,73.3728084730713,85.7571253071253,15.5,0
Senegal,2013,33.7599983215332,94.5,16.5,0
Senegal,2014,73.3728084730713,96.2,14.2,0
Senegal,2015,35.1699981689453,95.0,17.5,0
Senegal,2016,37.6699981689453,95.9,17.1,1
Senegal,2017,39.7999992370605,97.1,16.5,0
Senegal,2018,40.5800018310547,97.7,18.8,0
Senegal,2019,38.5200004577637,97.6,17.9,0
Senegal,2023,41.5,85.7571253071253,17.5,1
Serbia,2005,73.3728084730713,85.7571253071253,8.1,0
Serbia,2010,73.3728084730713,99.0,6.6,1
Serbia,2014,73.3728084730713,98.3,6.0,0
Serbia,2019,99.120002746582,99.4,5.4,0
Seychelles,2012,73.3728084730713,85.7571253071253,7.9,0
Sierra Leone,2000,73.3728084730713,67.9,35.5,1
Sierra Leone,2005,73.3728084730713,81.1,45.0,1
Sierra Leone,2010,73.3728084730713,93.0,32.7,1
Sierra Leone,2014,34.8013533494334,85.7571253071253,29.1,0
Sierra Leone,2017,36.2400016784668,97.4,31.0,0
Sierra Leone,2019,33.939998626709,97.9,29.5,0
Sierra Leone,2021,73.3728084730713,85.7571253071253,26.3,0
Singapore,2000,88.6500015258789,85.7571253071253,4.5,0
Solomon Islands,2007,73.3728084730713,73.9,32.8,0
Solomon Islands,2015,73.3728084730713,88.5,31.7,0
"Somalia, Fed. Rep.",2006,73.3728084730713,26.1,42.0,0
"Somalia, Fed. Rep.",2009,73.3728084730713,85.7571253071253,25.3,0
South Africa,2008,73.3728084730713,97.1,25.0,1
South Africa,2015,93.4100036621094,85.7571253071253,21.2,0
South Africa,2016,91.9400024414062,93.7,27.4,0
South Africa,2017,73.3728084730713,85.7571253071253,21.3,1
South Sudan,2006,73.3728084730713,26.2,36.2,1
South Sudan,2010,73.3728084730713,40.3,31.3,0
Sri Lanka,2000,73.3728084730713,94.5,18.3,0
Sri Lanka,2007,73.3728084730713,99.4,18.1,0
Sri Lanka,2009,73.3728084730713,85.7571253071253,19.2,0
Sri Lanka,2012,73.3728084730713,85.7571253071253,14.6,0
Sri Lanka,2016,91.4899978637695,98.8,17.3,1
Sri Lanka,2019,91.5800018310547,85.7571253071253,8.4,0
Sri Lanka,2020,91.5999984741211,85.7571253071253,8.2,0
Sri Lanka,2021,91.6399993896484,85.7571253071253,7.4,0
Sri Lanka,2022,91.7600021362305,85.7571253071253,9.2,0
Sri Lanka,2023,91.9700012207031,85.7571253071253,10.3,0
St. Lucia,2012,73.3728084730713,96.9,2.5,0
Sudan,2006,73.3728084730713,74.1,38.3,0
Sudan,2010,73.3728084730713,74.3,34.1,0
Sudan,2014,73.3728084730713,79.1,38.2,0
Suriname,2000,73.3728084730713,90.6,14.1,0
Suriname,2006,73.3728084730713,89.9,10.6,0
Suriname,2010,94.0,90.9,8.8,0
Suriname,2018,73.3728084730713,84.8,8.3,0
Syrian Arab Republic,2000,73.3728084730713,71.2,24.3,0
Syrian Arab Republic,2001,73.3728084730713,85.7571253071253,31.7,0
Syrian Arab Republic,2006,73.3728084730713,84.0,28.7,0
Syrian Arab Republic,2010,73.3728084730713,85.7571253071253,27.9,0
Tajikistan,2000,99.2200012207031,71.3,42.1,0
Tajikistan,2001,73.3728084730713,85.7571253071253,43.2,0
Tajikistan,2002,73.3728084730713,85.7571253071253,37.1,0
Tajikistan,2003,96.9441463687736,85.7571253071253,42.4,1
Tajikistan,2005,73.3728084730713,77.1,33.1,0
Tajikistan,2007,97.5081256939229,88.8,39.3,1
Tajikistan,2009,100.0,85.7571253071253,28.8,0
Tajikistan,2012,73.3728084730713,78.8,26.9,0
Tajikistan,2016,73.3728084730713,85.7571253071253,19.6,0
Tajikistan,2017,94.620002746582,91.8,17.5,0
Tajikistan,2023,73.3728084730713,85.7571253071253,13.7,0
Tanzania,2004,73.3728084730713,85.7571253071253,44.4,1
Tanzania,2009,73.3728084730713,85.7571253071253,43.2,0
Tanzania,2010,73.3728084730713,87.8,42.1,0
Tanzania,2011,73.3728084730713,85.7571253071253,35.0,1
Tanzania,2013,73.3728084730713,85.7571253071253,37.4,0
Tanzania,2014,74.1930651479725,85.7571253071253,34.7,1
Tanzania,2015,73.0899963378906,85.7571253071253,34.5,1
Tanzania,2018,73.3728084730713,85.7571253071253,31.8,1
Tanzania,2021,73.3728084730713,85.7571253071253,32.7,1
Tanzania,2022,73.129997253418,85.7571253071253,30.0,0
Thailand,2006,73.3728084730713,97.8,15.7,0
Thailand,2012,73.3728084730713,98.1,16.4,0
Thailand,2016,92.6800003051758,98.1,10.5,0
Thailand,2019,90.1800003051758,98.6,13.4,0
Thailand,2022,91.4899978637695,85.7571253071253,12.4,1
Timor-Leste,2002,73.3728084730713,42.5,55.7,1
Timor-Leste,2003,73.3728084730713,60.5,54.8,0
Timor-Leste,2007,42.5,85.7571253071253,57.2,1
Timor-Leste,2009,73.3728084730713,85.7571253071253,57.5,1
Timor-Leste,2013,73.3728084730713,85.7571253071253,51.7,0
Timor-Leste,2014,73.3728084730713,85.7571253071253,49.2,1
Timor-Leste,2020,73.3728084730713,85.7571253071253,46.7,0
Togo,2006,44.3800010681152,84.1,29.9,0
Togo,2008,73.3728084730713,85.7571253071253,26.9,0
Togo,2009,43.6100006103516,85.7571253071253,27.0,0
Togo,2010,45.3800010681152,71.6,27.0,1
Togo,2012,73.3728084730713,85.7571253071253,26.2,1
Togo,2014,73.3728084730713,72.7,27.6,0
Togo,2017,49.5895730172133,77.9,23.8,0
Tonga,2012,73.3728084730713,99.0,8.1,1
Tonga,2019,97.5800018310547,97.7,2.2,1
Trinidad and Tobago,2000,73.3728084730713,92.4,5.3,1
Trinidad and Tobago,2011,73.3728084730713,95.1,9.2,0
Tunisia,2000,73.3728084730713,91.5,16.8,0
Tunisia,2006,73.3728084730713,96.0,9.0,1
Tunisia,2012,72.1600036621094,98.1,10.1,1
Tunisia,2018,71.5500030517578,95.3,8.4,1
Turkiye,2004,79.5800018310547,80.9,15.2,0
Turkiye,2008,73.3728084730713,92.0,12.5,0
Turkiye,2013,92.1399993896484,97.0,10.0,1
Turkiye,2018,73.3728084730713,96.4,6.0,0
Turkmenistan,2000,73.3728084730713,98.1,27.2,0
Turkmenistan,2006,73.3728084730713,99.1,18.9,1
Turkmenistan,2015,73.3728084730713,85.7571253071253,11.5,1
Turkmenistan,2019,99.6500015258789,100.0,7.2,0
Turks and Caicos Islands,2020,73.3728084730713,97.3,4.6,0
Tuvalu,2007,73.3728084730713,97.4,10.0,1
Tuvalu,2019,73.3728084730713,85.7571253071253,5.7,1
Uganda,2000,73.3728084730713,85.7571253071253,44.9,0
Uganda,2006,62.0800018310547,93.5,38.4,0
Uganda,2009,73.3728084730713,94.2,38.2,0
Uganda,2011,73.3728084730713,93.3,33.5,0
Uganda,2012,61.9700012207031,85.7571253071253,33.7,0
Uganda,2014,61.8400001525879,85.7571253071253,34.0,0
Uganda,2015,73.3728084730713,95.4,30.4,1
Uganda,2016,61.0,97.3,28.9,1
Uganda,2018,73.3728084730713,95.1,23.9,0
Uganda,2020,73.3728084730713,85.7571253071253,25.4,1
Uganda,2022,73.3728084730713,85.7571253071253,24.4,0
Ukraine,2000,73.3728084730713,85.7571253071253,22.9,0
United Kingdom,2007,73.3728084730713,85.7571253071253,2.3,0
United Kingdom,2008,73.3728084730713,85.7571253071253,2.1,1
United Kingdom,2009,73.3728084730713,85.7571253071253,2.0,0
United Kingdom,2010,73.3728084730713,85.7571253071253,2.1,0
United Kingdom,2011,73.3728084730713,85.7571253071253,0.9,1
United Kingdom,2012,73.3728084730713,85.7571253071253,2.1,0
United Kingdom,2013,73.3728084730713,85.7571253071253,2.1,1
United Kingdom,2014,73.3728084730713,85.7571253071253,2.0,1
United Kingdom,2015,73.3728084730713,85.7571253071253,2.0,1
United Kingdom,2016,73.3728084730713,85.7571253071253,2.0,0
United Kingdom,2017,73.3728084730713,85.7571253071253,1.9,0
United Kingdom,2018,73.3728084730713,85.7571253071253,2.0,0
United Kingdom,2019,73.3728084730713,85.7571253071253,2.0,0
United States,2000,73.3728084730713,85.7571253071253,3.2,1
United States,2002,73.3728084730713,85.7571253071253,3.1,0
United States,2004,73.3728084730713,85.7571253071253,2.9,0
United States,2006,73.3728084730713,85.7571253071253,3.1,0
United States,2008,73.3728084730713,85.7571253071253,2.3,0
United States,2010,73.3728084730713,85.7571253071253,2.8,0
United States,2012,73.3728084730713,85.7571253071253,2.2,0
United States,2014,73.3728084730713,85.7571253071253,2.4,0
United States,2016,73.3728084730713,85.7571253071253,3.5,0
United States,2018,73.3728084730713,85.7571253071253,3.4,0
United States,2022,73.3728084730713,85.7571253071253,3.8,0
Uruguay,2002,73.3728084730713,85.7571253071253,14.7,0
Uruguay,2003,73.3728084730713,85.7571253071253,17.2,0
Uruguay,2004,73.3728084730713,85.7571253071253,13.9,1
Uruguay,2007,98.2399978637695,96.2,11.8,0
Uruguay,2011,98.620002746582,85.7571253071253,11.7,0
Uruguay,2013,98.6399993896484,97.2,5.0,0
Uruguay,2016,98.8499984741211,85.7571253071253,10.8,0
Uruguay,2018,99.0100021362305,85.7571253071253,6.9,0
Uzbekistan,2002,73.3728084730713,85.7571253071253,24.9,0
Uzbekistan,2006,73.3728084730713,99.0,19.6,0
Uzbekistan,2017,73.3728084730713,85.7571253071253,10.8,0
Uzbekistan,2021,100.0,85.7571253071253,6.5,0
Vanuatu,2008,73.3728084730713,85.7571253071253,25.7,0
Vanuatu,2013,73.3728084730713,75.6,28.9,0
"Venezuela, RB",2000,73.3728084730713,94.1,17.4,0
"Venezuela, RB",2001,92.7200012207031,85.7571253071253,17.3,1
"Venezuela, RB",2002,73.3728084730713,85.7571253071253,17.6,1
"Venezuela, RB",2003,73.3728084730713,85.7571253071253,17.7,0
"Venezuela, RB",2004,73.3728084730713,85.7571253071253,17.1,1
"Venezuela, RB",2005,93.9393365336059,85.7571253071253,16.2,1
"Venezuela, RB",2006,94.4200544215558,85.7571253071253,16.2,0
"Venezuela, RB",2007,94.9300003051758,85.7571253071253,15.6,1
"Venezuela, RB",2008,95.1449129908139,85.7571253071253,14.6,0
"Venezuela, RB",2009,95.3499984741211,85.7571253071253,13.4,1
Viet Nam,2000,86.6100006103516,68.3,42.9,1
Viet Nam,2002,73.3728084730713,86.4,37.5,0
Viet Nam,2003,73.3728084730713,85.7571253071253,35.4,1
Viet Nam,2004,73.3728084730713,85.7571253071253,33.7,0
Viet Nam,2005,73.3728084730713,85.7571253071253,33.3,1
Viet Nam,2006,73.3728084730713,90.8,31.7,1
Viet Nam,2007,73.3728084730713,85.7571253071253,31.7,1
Viet Nam,2008,73.3728084730713,85.7571253071253,30.8,1
Viet Nam,2009,91.379997253418,85.7571253071253,29.3,0
Viet Nam,2010,73.3728084730713,85.7571253071253,22.7,1
Viet Nam,2011,73.3728084730713,93.7,27.5,1
Viet Nam,2012,73.3728084730713,85.7571253071253,26.7,1
Viet Nam,2013,73.3728084730713,85.7571253071253,25.9,0
Viet Nam,2014,73.3728084730713,95.8,24.9,0
Viet Nam,2015,73.3728084730713,85.7571253071253,24.6,0
Viet Nam,2016,73.3728084730713,85.7571253071253,24.3,1
Viet Nam,2017,73.3728084730713,85.7571253071253,23.8,0
Viet Nam,2018,73.3728084730713,85.7571253071253,23.2,1
Viet Nam,2019,94.5699996948242,85.7571253071253,22.4,0
Viet Nam,2020,73.3728084730713,85.7571253071253,19.5,1
Viet Nam,2022,95.0800018310547,85.7571253071253,18.9,0
Viet Nam,2023,73.3728084730713,85.7571253071253,18.2,0
West Bank and Gaza,2000,73.3728084730713,95.6,10.7,0
West Bank and Gaza,2002,73.3728084730713,85.7571253071253,11.4,1
West Bank and Gaza,2004,88.7699966430664,85.7571253071253,10.5,1
West Bank and Gaza,2006,89.7600021362305,98.8,13.6,0
West Bank and Gaza,2010,91.8499984741211,98.0,10.9,0
West Bank and Gaza,2014,94.0999984741211,99.4,7.4,1
West Bank and Gaza,2020,96.1999969482422,98.7,8.7,0
"Yemen, Rep.",2003,73.3728084730713,41.4,57.3,0
"Yemen, Rep.",2005,73.3728084730713,85.7571253071253,57.0,1
"Yemen, Rep.",2011,73.3728084730713,85.7571253071253,46.6,1
"Yemen, Rep.",2013,73.3728084730713,59.8,46.4,0
"Yemen, Rep.",2021,73.3728084730713,85.7571253071253,45.1,0
"Yemen, Rep.",2022,73.3728084730713,85.7571253071253,48.5,1
Zambia,2002,61.8400001525879,93.4,52.5,1
Zambia,2007,73.3728084730713,93.7,45.8,0
Zambia,2013,73.3728084730713,85.7571253071253,40.0,1
Zambia,2018,62.1800003051758,96.9,34.6,1
Zimbabwe,2005,73.3728084730713,85.7571253071253,35.3,1
Zimbabwe,2009,73.3728084730713,88.4,35.1,0
Zimbabwe,2010,73.3728084730713,85.7571253071253,32.2,0
Zimbabwe,2012,73.3728084730713,85.7571253071253,30.5,0
Zimbabwe,2014,73.3728084730713,93.7,27.6,1
Zimbabwe,2015,73.3728084730713,93.3,27.1,0
Zimbabwe,2019,93.3600006103516,93.3,23.5,0
